VAE_sil,VAE_nmi,VAE_ari,VAE_purity,RAW_sil,RAW_nmi,RAW_ari,RAW_purity
0.08603236079216003,0.03411038548439121,0.008956410763562397,0.176,0.06792086559733879,0.13798550222131273,0.05939631291432943,0.226
